scenario,mode,repeat,phase_order,phase_name,phase_duration_s,total_requests,forwarded,rejected,success_percent,reject_percent,effective_rps,loadgen_total,loadgen_errors,error_percent,avg_proxy_latency_ms,p95_proxy_latency_ms,start_algorithm,end_algorithm,fixed_requests,token_requests,sliding_requests,fixed_share_percent,token_share_percent,sliding_share_percent
phase_burst_recovery,static_token,1,1,normal,30,1452.000000,1452.000000,0.000000,100.00,0.00,48.400,1440.000000,0.000000,0.00,5.530,10.789,token,token,0.000000,1452.000000,0.000000,0.00,100.00,0.00
phase_burst_recovery,static_token,1,2,attack,30,3364.000000,2517.000000,847.000000,74.82,25.18,112.133,3364.000000,0.000000,0.00,5.063,12.626,token,token,0.000000,3364.000000,0.000000,0.00,100.00,0.00
phase_burst_recovery,static_token,1,3,recovery,30,1184.000000,1184.000000,0.000000,100.00,0.00,39.467,1184.000000,0.000000,0.00,3.025,4.108,token,token,0.000000,1184.000000,0.000000,0.00,100.00,0.00
phase_burst_recovery,static_sliding,1,1,normal,30,1368.000000,1368.000000,0.000000,100.00,0.00,45.600,1356.000000,0.000000,0.00,2.680,5.519,sliding,sliding,0.000000,0.000000,1368.000000,0.00,0.00,100.00
phase_burst_recovery,static_sliding,1,2,attack,30,3440.000000,795.000000,2645.000000,23.11,76.89,114.667,3440.000000,0.000000,0.00,1.772,5.215,sliding,sliding,0.000000,0.000000,3440.000000,0.00,0.00,100.00
phase_burst_recovery,static_sliding,1,3,recovery,30,616.000000,616.000000,0.000000,100.00,0.00,20.533,616.000000,0.000000,0.00,2.459,3.579,sliding,sliding,0.000000,0.000000,616.000000,0.00,0.00,100.00
phase_burst_recovery,adaptive,1,1,normal,30,1396.000000,1396.000000,0.000000,100.00,0.00,46.533,1412.000000,0.000000,0.00,5.343,11.993,token,token,0.000000,1396.000000,0.000000,0.00,100.00,0.00
