scenario,mode,repeat,phase_order,phase_name,phase_duration_s,total_requests,forwarded,rejected,success_percent,reject_percent,effective_rps,loadgen_total,loadgen_errors,error_percent,avg_proxy_latency_ms,p95_proxy_latency_ms,start_algorithm,end_algorithm,fixed_requests,token_requests,sliding_requests,fixed_share_percent,token_share_percent,sliding_share_percent
phase_ddos_recovery,static_token,1,1,normal,30,1224.000000,1224.000000,0.000000,100.00,0.00,40.800,1212.000000,0.000000,0.00,6.502,11.045,token,token,0.000000,1224.000000,0.000000,0.00,100.00,0.00
phase_ddos_recovery,static_token,1,2,attack,30,6493.000000,3169.000000,3324.000000,48.81,51.19,216.433,6493.000000,0.000000,0.00,11.038,26.246,token,token,0.000000,6493.000000,0.000000,0.00,100.00,0.00
phase_ddos_recovery,static_token,1,3,recovery,30,1176.000000,1176.000000,0.000000,100.00,0.00,39.200,1176.000000,0.000000,0.00,2.593,3.500,token,token,0.000000,1176.000000,0.000000,0.00,100.00,0.00
phase_ddos_recovery,static_sliding,1,1,normal,30,1438.000000,1438.000000,0.000000,100.00,0.00,47.933,1426.000000,0.000000,0.00,8.101,18.747,sliding,sliding,0.000000,0.000000,1438.000000,0.00,0.00,100.00
phase_ddos_recovery,static_sliding,1,2,attack,30,6426.000000,495.000000,5931.000000,7.70,92.30,214.200,6430.000000,0.000000,0.00,1.821,4.957,sliding,sliding,0.000000,0.000000,6426.000000,0.00,0.00,100.00
phase_ddos_recovery,static_sliding,1,3,recovery,30,1172.000000,848.000000,324.000000,72.35,27.65,39.067,1168.000000,0.000000,0.00,2.264,4.460,sliding,sliding,0.000000,0.000000,1172.000000,0.00,0.00,100.00
phase_ddos_recovery,adaptive,1,1,normal,30,1217.000000,1217.000000,0.000000,100.00,0.00,40.567,1209.000000,0.000000,0.00,5.842,9.094,token,token,0.000000,1217.000000,0.000000,0.00,100.00,0.00
phase_ddos_recovery,adaptive,1,2,attack,30,6199.000000,1894.000000,4305.000000,30.55,69.45,206.633,6199.000000,0.000000,0.00,22.140,115.096,token,sliding,0.000000,1950.000000,4249.000000,0.00,31.46,68.54
phase_ddos_recovery,adaptive,1,3,recovery,30,1164.000000,812.000000,352.000000,69.76,30.24,38.800,1160.000000,0.000000,0.00,2.455,4.779,sliding,sliding,0.000000,0.000000,1164.000000,0.00,0.00,100.00
