scenario,mode,repeat,phase_order,phase_name,phase_duration_s,total_requests,forwarded,rejected,success_percent,reject_percent,effective_rps,loadgen_total,loadgen_errors,error_percent,avg_proxy_latency_ms,p95_proxy_latency_ms,start_algorithm,end_algorithm,fixed_requests,token_requests,sliding_requests,fixed_share_percent,token_share_percent,sliding_share_percent
phase_ddos_recovery,static_token,1,1,normal,30,1335.000000,1335.000000,0.000000,100.00,0.00,44.500,1323.000000,0.000000,0.00,6.336,14.020,token,token,0.000000,1335.000000,0.000000,0.00,100.00,0.00
phase_ddos_recovery,static_token,1,2,attack,30,7107.000000,3033.000000,4074.000000,42.68,57.32,236.900,7107.000000,0.000000,0.00,3.930,9.569,token,token,0.000000,7107.000000,0.000000,0.00,100.00,0.00
phase_ddos_recovery,static_token,1,3,recovery,30,1192.000000,1192.000000,0.000000,100.00,0.00,39.733,1192.000000,0.000000,0.00,2.880,4.177,token,token,0.000000,1192.000000,0.000000,0.00,100.00,0.00
phase_ddos_recovery,static_sliding,1,1,normal,30,1221.000000,1221.000000,0.000000,100.00,0.00,40.700,1209.000000,0.000000,0.00,2.510,3.628,sliding,sliding,0.000000,0.000000,1221.000000,0.00,0.00,100.00
phase_ddos_recovery,static_sliding,1,2,attack,30,6594.000000,716.000000,5878.000000,10.86,89.14,219.800,6594.000000,0.000000,0.00,22.488,119.896,sliding,sliding,0.000000,0.000000,6594.000000,0.00,0.00,100.00
phase_ddos_recovery,static_sliding,1,3,recovery,30,1164.000000,880.000000,284.000000,75.60,24.40,38.800,1164.000000,0.000000,0.00,1.850,2.808,sliding,sliding,0.000000,0.000000,1164.000000,0.00,0.00,100.00
phase_ddos_recovery,adaptive,1,1,normal,30,1338.000000,1338.000000,0.000000,100.00,0.00,44.600,1326.000000,0.000000,0.00,6.609,17.468,token,token,0.000000,1338.000000,0.000000,0.00,100.00,0.00
phase_ddos_recovery,adaptive,1,2,attack,30,6351.000000,2194.000000,4157.000000,34.55,65.45,211.700,6355.000000,0.000000,0.00,3.568,10.073,token,sliding,0.000000,2966.000000,3385.000000,0.00,46.70,53.30
phase_ddos_recovery,adaptive,1,3,recovery,30,1176.000000,892.000000,284.000000,75.85,24.15,39.200,1172.000000,0.000000,0.00,2.485,3.650,sliding,sliding,0.000000,0.000000,1176.000000,0.00,0.00,100.00
