scenario,mode,repeat,phase_order,phase_name,phase_duration_s,total_requests,forwarded,rejected,success_percent,reject_percent,effective_rps,loadgen_total,loadgen_errors,error_percent,avg_proxy_latency_ms,p95_proxy_latency_ms,start_algorithm,end_algorithm,fixed_requests,token_requests,sliding_requests,fixed_share_percent,token_share_percent,sliding_share_percent
phase_ddos_recovery,static_token,1,1,normal,20,810.000000,810.000000,0.000000,100.00,0.00,40.500,798.000000,0.000000,0.00,6.899,9.678,token,token,0.000000,810.000000,0.000000,0.00,100.00,0.00
phase_ddos_recovery,static_token,1,2,attack,20,4749.000000,2177.000000,2572.000000,45.84,54.16,237.450,4749.000000,0.000000,0.00,4.410,11.939,token,token,0.000000,4749.000000,0.000000,0.00,100.00,0.00
phase_ddos_recovery,static_token,1,3,recovery,20,788.000000,788.000000,0.000000,100.00,0.00,39.400,788.000000,0.000000,0.00,2.697,4.404,token,token,0.000000,788.000000,0.000000,0.00,100.00,0.00
phase_ddos_recovery,static_sliding,1,1,normal,20,807.000000,807.000000,0.000000,100.00,0.00,40.350,795.000000,0.000000,0.00,4.561,5.056,sliding,sliding,0.000000,0.000000,807.000000,0.00,0.00,100.00
phase_ddos_recovery,static_sliding,1,2,attack,20,4381.000000,720.000000,3661.000000,16.43,83.57,219.050,4381.000000,0.000000,0.00,1.936,6.026,sliding,sliding,0.000000,0.000000,4381.000000,0.00,0.00,100.00
phase_ddos_recovery,static_sliding,1,3,recovery,20,788.000000,552.000000,236.000000,70.05,29.95,39.400,788.000000,0.000000,0.00,1.928,3.478,sliding,sliding,0.000000,0.000000,788.000000,0.00,0.00,100.00
phase_ddos_recovery,adaptive,1,1,normal,20,807.000000,807.000000,0.000000,100.00,0.00,40.350,795.000000,0.000000,0.00,7.403,18.976,token,token,0.000000,807.000000,0.000000,0.00,100.00,0.00
phase_ddos_recovery,adaptive,1,2,attack,20,4263.000000,1895.000000,2368.000000,44.45,55.55,213.150,4267.000000,0.000000,0.00,4.145,11.497,token,sliding,0.000000,1982.000000,2281.000000,0.00,46.49,53.51
phase_ddos_recovery,adaptive,1,3,recovery,20,792.000000,423.000000,369.000000,53.41,46.59,39.600,788.000000,0.000000,0.00,1.882,3.926,sliding,sliding,0.000000,0.000000,792.000000,0.00,0.00,100.00
