scenario,algorithm,total_requests,forwarded,rejected,reject_percent,effective_rps,algo_counter_delta,foreign_algo_delta
constant_high,fixed,2840.000000,2526.000000,314.000000,11.06,40.571,2840.000000,0.000000
constant_high,sliding,9201.000000,6390.000000,2811.000000,30.55,131.443,1282.000000,7919.000000
constant_high,token,9242.000000,5906.000000,3336.000000,36.10,132.029,6887.000000,2355.000000
ddos,fixed,10324.000000,6509.000000,3815.000000,36.95,147.486,10324.000000,0.000000
ddos,sliding,3517.000000,1003.000000,2514.000000,71.48,50.243,3517.000000,0.000000
ddos,token,9111.000000,4095.000000,5016.000000,55.05,130.157,5155.000000,3956.000000
