scenario,mode,repeat,phase_order,phase_name,phase_duration_s,total_requests,forwarded,rejected,success_percent,reject_percent,effective_rps,loadgen_total,loadgen_errors,error_percent,avg_proxy_latency_ms,p95_proxy_latency_ms,start_algorithm,end_algorithm,fixed_requests,token_requests,sliding_requests,fixed_share_percent,token_share_percent,sliding_share_percent
phase_ddos_recovery,static_token,1,1,normal,30,1221.000000,1221.000000,0.000000,100.00,0.00,40.700,1209.000000,0.000000,0.00,5.821,9.540,token,token,0.000000,1221.000000,0.000000,0.00,100.00,0.00
phase_ddos_recovery,static_token,1,2,attack,30,6293.000000,3171.000000,3122.000000,50.39,49.61,209.767,6293.000000,0.000000,0.00,6.098,15.143,token,token,0.000000,6293.000000,0.000000,0.00,100.00,0.00
phase_ddos_recovery,static_token,1,3,recovery,30,1180.000000,1180.000000,0.000000,100.00,0.00,39.333,1180.000000,0.000000,0.00,2.391,3.043,token,token,0.000000,1180.000000,0.000000,0.00,100.00,0.00
phase_ddos_recovery,static_sliding,1,1,normal,30,1246.000000,1246.000000,0.000000,100.00,0.00,41.533,1234.000000,0.000000,0.00,2.645,4.866,sliding,sliding,0.000000,0.000000,1246.000000,0.00,0.00,100.00
phase_ddos_recovery,static_sliding,1,2,attack,30,6658.000000,668.000000,5990.000000,10.03,89.97,221.933,6662.000000,0.000000,0.00,1.777,5.121,sliding,sliding,0.000000,0.000000,6658.000000,0.00,0.00,100.00
phase_ddos_recovery,static_sliding,1,3,recovery,30,1160.000000,848.000000,312.000000,73.10,26.90,38.667,1156.000000,0.000000,0.00,1.761,2.821,sliding,sliding,0.000000,0.000000,1160.000000,0.00,0.00,100.00
phase_ddos_recovery,adaptive,1,1,normal,30,1234.000000,1234.000000,0.000000,100.00,0.00,41.133,1251.000000,0.000000,0.00,8.834,19.220,token,token,0.000000,1234.000000,0.000000,0.00,100.00,0.00
phase_ddos_recovery,adaptive,1,2,attack,30,6679.000000,1882.000000,4797.000000,28.18,71.82,222.633,6650.000000,0.000000,0.00,16.234,59.791,token,sliding,0.000000,2183.000000,4496.000000,0.00,32.68,67.32
phase_ddos_recovery,adaptive,1,3,recovery,30,1180.000000,857.000000,323.000000,72.63,27.37,39.333,1180.000000,0.000000,0.00,2.654,3.698,sliding,sliding,0.000000,0.000000,1180.000000,0.00,0.00,100.00
