scenario,algorithm,total_requests,forwarded,rejected,reject_percent,effective_rps,algo_counter_delta,foreign_algo_delta
constant_high,fixed,3352.000000,2769.000000,583.000000,17.39,47.886,3352.000000,0.000000
constant_high,sliding,7731.000000,1350.000000,6381.000000,82.54,110.443,7731.000000,0.000000
constant_high,token,7838.000000,6179.000000,1659.000000,21.17,111.971,7838.000000,0.000000
ddos,fixed,4751.000000,3604.000000,1147.000000,24.14,67.871,4751.000000,0.000000
ddos,sliding,8752.000000,1122.000000,7630.000000,87.18,125.029,8752.000000,0.000000
ddos,token,4241.000000,3053.000000,1188.000000,28.01,60.586,4241.000000,0.000000
