scenario,mode,repeat,phase_order,phase_name,phase_duration_s,total_requests,forwarded,rejected,success_percent,reject_percent,effective_rps,loadgen_total,loadgen_errors,error_percent,avg_proxy_latency_ms,p95_proxy_latency_ms,start_algorithm,end_algorithm,fixed_requests,token_requests,sliding_requests,fixed_share_percent,token_share_percent,sliding_share_percent
phase_burst_recovery,static_token,1,1,normal,30,1284.000000,1284.000000,0.000000,100.00,0.00,42.800,1312.000000,0.000000,0.00,16.753,14.400,token,token,0.000000,1284.000000,0.000000,0.00,100.00,0.00
phase_burst_recovery,static_token,1,2,attack,30,3528.000000,2684.000000,844.000000,76.08,23.92,117.600,3504.000000,0.000000,0.00,5.469,12.602,token,token,0.000000,3528.000000,0.000000,0.00,100.00,0.00
phase_burst_recovery,static_token,1,3,recovery,30,1188.000000,1188.000000,0.000000,100.00,0.00,39.600,1184.000000,0.000000,0.00,2.786,4.048,token,token,0.000000,1188.000000,0.000000,0.00,100.00,0.00
phase_burst_recovery,static_token,2,1,normal,30,1424.000000,1424.000000,0.000000,100.00,0.00,47.467,1436.000000,0.000000,0.00,2.804,7.188,token,token,0.000000,1424.000000,0.000000,0.00,100.00,0.00
phase_burst_recovery,static_token,2,2,attack,30,3400.000000,2546.000000,854.000000,74.88,25.12,113.333,3372.000000,0.000000,0.00,3.044,9.410,token,token,0.000000,3400.000000,0.000000,0.00,100.00,0.00
phase_burst_recovery,static_token,2,3,recovery,30,1176.000000,1176.000000,0.000000,100.00,0.00,39.200,1176.000000,0.000000,0.00,2.022,2.791,token,token,0.000000,1176.000000,0.000000,0.00,100.00,0.00
