scenario,mode,repeat,phase_order,phase_name,phase_duration_s,total_requests,forwarded,rejected,success_percent,reject_percent,effective_rps,loadgen_total,loadgen_errors,error_percent,avg_proxy_latency_ms,p95_proxy_latency_ms,start_algorithm,end_algorithm,fixed_requests,token_requests,sliding_requests,fixed_share_percent,token_share_percent,sliding_share_percent
phase_ddos_recovery,static_token,1,1,normal,30,1491.000000,1483.000000,8.000000,99.46,0.54,49.700,1479.000000,0.000000,0.00,6.284,13.244,token,token,0.000000,1491.000000,0.000000,0.00,100.00,0.00
phase_ddos_recovery,static_token,1,2,attack,30,6234.000000,2944.000000,3290.000000,47.22,52.78,207.800,6234.000000,0.000000,0.00,3.993,10.855,token,token,0.000000,6234.000000,0.000000,0.00,100.00,0.00
phase_ddos_recovery,static_token,1,3,recovery,30,1168.000000,1168.000000,0.000000,100.00,0.00,38.933,1168.000000,0.000000,0.00,2.736,3.286,token,token,0.000000,1168.000000,0.000000,0.00,100.00,0.00
phase_ddos_recovery,static_sliding,1,1,normal,30,1217.000000,1217.000000,0.000000,100.00,0.00,40.567,1205.000000,0.000000,0.00,2.626,3.274,sliding,sliding,0.000000,0.000000,1217.000000,0.00,0.00,100.00
phase_ddos_recovery,static_sliding,1,2,attack,30,6146.000000,813.000000,5333.000000,13.23,86.77,204.867,6150.000000,0.000000,0.00,1.781,4.984,sliding,sliding,0.000000,0.000000,6146.000000,0.00,0.00,100.00
phase_ddos_recovery,static_sliding,1,3,recovery,30,1188.000000,960.000000,228.000000,80.81,19.19,39.600,1184.000000,0.000000,0.00,1.928,2.903,sliding,sliding,0.000000,0.000000,1188.000000,0.00,0.00,100.00
phase_ddos_recovery,adaptive,1,1,normal,30,1217.000000,1217.000000,0.000000,100.00,0.00,40.567,1209.000000,0.000000,0.00,5.111,8.330,token,token,0.000000,1217.000000,0.000000,0.00,100.00,0.00
phase_ddos_recovery,adaptive,1,2,attack,30,6606.000000,1912.000000,4694.000000,28.94,71.06,220.200,6602.000000,0.000000,0.00,4.094,12.322,token,sliding,0.000000,1979.000000,4627.000000,0.00,29.96,70.04
phase_ddos_recovery,adaptive,1,3,recovery,30,1156.000000,856.000000,300.000000,74.05,25.95,38.533,1156.000000,0.000000,0.00,2.120,3.195,sliding,token,0.000000,152.000000,1004.000000,0.00,13.15,86.85
