scenario,repeat,order_pos,algorithm,total_requests,forwarded,rejected,reject_percent,effective_rps,loadgen_total,loadgen_errors,error_percent,avg_proxy_latency_ms,p95_proxy_latency_ms,p99_proxy_latency_ms,expected_reject_percent,stability_score,protection_score,algo_counter_delta,foreign_algo_delta
constant_low,1,1,fixed,279.000000,279.000000,0.000000,0.00,34.875,272.000000,0.000000,0.00,4.206,5.508,17.952,0.00,100.00,100.00,279.000000,0.000000
constant_low,1,2,sliding,279.000000,279.000000,0.000000,0.00,34.875,271.000000,0.000000,0.00,3.936,6.530,17.952,0.00,100.00,100.00,279.000000,0.000000
constant_low,1,3,token,284.000000,284.000000,0.000000,0.00,35.500,277.000000,0.000000,0.00,3.338,5.369,11.409,0.00,100.00,100.00,284.000000,0.000000
ddos,1,1,fixed,1184.000000,1184.000000,0.000000,0.00,148.000,1177.000000,0.000000,0.00,2.394,4.881,40.769,32.43,100.00,35.14,1184.000000,0.000000
ddos,1,2,sliding,1290.000000,1000.000000,290.000000,22.48,161.250,1270.000000,0.000000,0.00,0.943,2.044,3.782,37.98,100.00,69.00,1290.000000,0.000000
ddos,1,3,token,1186.000000,984.000000,202.000000,17.03,148.250,1150.000000,0.000000,0.00,1.004,2.680,4.064,32.55,100.00,68.96,1186.000000,0.000000
